[[{"location":"C:\\Users\\GBruno\\.m2\\repository\\org\\seleniumhq\\selenium\\selenium-support\\3.4.0\\selenium-support-3.4.0.jar","type":"JAR","hints":{}},"ABSENT"],[{"location":"C:\\Program Files\\Java\\jre1.8.0_131","type":"JRE","hints":{"EXECUTION_ENVIRONMENT":"JavaSE-1.8"}},"jre:jre:1.8.0"],[{"location":"C:\\Users\\GBruno\\.m2\\repository\\org\\seleniumhq\\selenium\\selenium-api\\3.4.0\\selenium-api-3.4.0.jar","type":"JAR","hints":{}},"ABSENT"],[{"location":"C:\\Users\\GBruno\\Desktop\\WebdriverUniversity\\CucumberFramework","type":"PROJECT","hints":{"PROJECT_NAME":"CucumberFramework"}},"com.webdriveruniversity:CucumberFramework:0.0.1"]]